Date,Open,High,Low,Close,Volume
2024-03-25,336.01,336.01,329.69,333.82,5320123
2024-03-26,335.14,337.84,334.34,336.39,3006558
2024-03-27,337.88,342.36,337.88,340.94,3295226
2024-03-28,341.42,346.98,340.84,346.61,3614949
2024-04-01,344.86,345,338.065,339.17,2320290
2024-04-02,336.67,338.88,333,336.46,2453410
2024-04-03,336.24,337.19,331.89,332.28,1975675
2024-04-04,334.12,337.99,330.17,330.47,2272998
2024-04-05,331.53,333.82,330.33,333,3694783
2024-04-08,334.03,335,331.68,331.8,2431946
2024-04-09,333.65,334.87,329.82,334.45,2416637
2024-04-10,328.35,329.52,323.64,324.4,2156676
2024-04-11,326.05,327,323.26,325.19,2204402
2024-04-12,320.97,322.5,313.19,315.4,4207862
2024-04-15,316.05,321.6,312.18,313.27,2997919
2024-04-16,315.14,315.64,311.84,313.94,2900382
2024-04-17,316.87,317.02,312.61,314.54,2760011
2024-04-18,312.63,317.77,312.01,316,3025199
2024-04-19,317.86,318.55,314.6,316.91,3381532
2024-04-22,318.54,319.06,315.5,317.42,2433374
2024-04-23,318.48,319.81,316.49,316.83,2000291
2024-04-24,315.84,315.84,310.69,313.54,4133828
2024-04-25,309.19,310.2439,305.35,309,3638978
2024-04-26,309.41,309.49,307.27,308.01,3371848
2024-04-29,307.06,308.615,302.5,303.16,4719334
2024-04-30,302,303.01,299.68,300.91,5224952
2024-05-01,300.13,303.49,298.1,298.66,2617356
2024-05-02,300.76,303.33,298.27,300.34,2684185
2024-05-03,302.52,304.96,301.671,303.71,2767141
2024-05-06,305.17,306.79,303.27,306.06,2361453
2024-05-07,307.9,312.145,307.6006,310.66,2483629
2024-05-08,310.12,313.4,310.12,311.99,2296394
2024-05-09,307,308.205,302.92,306.61,3238246
2024-05-10,308,309.26,306.06,306.33,1786950
2024-05-13,308.15,308.8,306.88,307.41,1695055
2024-05-14,308.9,312.29,306.22,306.95,1813613
2024-05-15,305,308.52,301.44,308.52,4230864
2024-05-16,309.66,310.59,306.75,308,2583058
2024-05-17,309.74,310,300.01,303.59,4232001
2024-05-20,303.51,307.07,301.61,305.7,2418094
2024-05-21,306.79,307.15,302.96,303.64,1866555
2024-05-22,303.96,308.19,303.69,307.11,2432422
2024-05-23,310.14,310.99,304.5601,305.93,2526304
2024-05-24,306.89,307.46,300.335,300.99,2048661
2024-05-28,299.37,300.32,295.82,297.73,3530301
2024-05-29,294.15,296.0996,291.01,293.77,4479999
2024-05-30,289.97,290.5,284.29,284.8,5007994
2024-05-31,284.8,285.39,278.69,282.29,6882088
2024-06-03,286.35,287.52,280.71,281.76,3596609
2024-06-04,281.76,288.88,280.34,288.06,3498601
2024-06-05,288.26,292.31,288.06,291.02,3002215
2024-06-06,291.2,293.87,290.6,291.74,2363205
2024-06-07,291.44,291.81,288.15,288.4,2626974
2024-06-10,287.38,290.52,287,290.43,2510107
2024-06-11,290.12,294.31,288.79,294.22,2457624
2024-06-12,291.63,294.15,285.44,285.73,3749585
2024-06-13,287.67,289.5471,282.09,282.32,3119248
2024-06-14,281.41,286.95,280.71,286.71,2966211
2024-06-17,286.23,288.6,283.95,285.53,3559587
2024-06-18,285.31,289.91,284.39,285.35,5314911
2024-06-20,314.63,317.73,298,306.16,11374572
2024-06-21,307.03,310.35,302.58,308.98,8481762
2024-06-24,305.36,312.37,304.68,307.21,4399601
2024-06-25,307.98,309.9997,305.43,307.17,4498741
2024-06-26,299.92,305.74,299.43,304.62,3162079
2024-06-27,305,305.465,301.46,303.19,3162199
2024-06-28,303.54,305.545,301.65,303.41,14905693
2024-07-01,303.73,304.36,299.6,302.55,2411300
2024-07-02,300.93,304,300.93,303.83,2177192
2024-07-03,304.75,306.89,303.975,305.75,1751215
2024-07-05,304.91,305.7,297.68,299.14,3158944
2024-07-08,300.46,301.95,295.6002,299.47,2557914
2024-07-09,299.09,299.15,294.4775,298.06,2479254
2024-07-10,296.9,298,290.5306,295.44,2283455
2024-07-11,295.44,302.18,293.98,297.99,2988052
2024-07-12,299.59,312.02,299.03,310.63,3951627
2024-07-15,312.67,319.37,312.67,317.87,3866301
2024-07-16,318.38,325.15,318.03,325,3640693
2024-07-17,325.95,328.57,323.62,325.6,4383856
2024-07-18,329.41,336.25,327.84,328.1,4563719
2024-07-19,331.09,335.79,327.7065,329.19,5376237
2024-07-22,330.72,332.82,329.7228,331.51,3419315
2024-07-23,331.43,332.2,327.97,330.33,1994169
2024-07-24,329.38,332.54,328.135,328.68,3286450
2024-07-25,325.59,335.69,323.34,330.12,2764639
2024-07-26,325.92,329.81,325.211,328.46,2438247
2024-07-29,328.66,328.98,323.87,326.2,1629266
2024-07-30,327.49,330.4499,326.95,329.2,1985465
2024-07-31,331.64,333.93,329.042,330.62,2606401
2024-08-01,333.88,338.92,326.42,328.08,2538193
2024-08-02,324.99,326.68,320.35,323.15,2682736
2024-08-05,311.61,317.87,310.23,313.74,3186698
2024-08-06,317,322.66,315.72,318.68,2284261
2024-08-07,319.95,325.74,317.93,318.02,2327705
2024-08-08,315.3,319.51,314.47,315.88,2213725
2024-08-09,316.2,317.32,313.2201,315.83,1851305
2024-08-12,315.47,317.4699,312.74,313.96,2276546
2024-08-13,316.11,320.18,315.13,319.33,2269581
2024-08-14,320,322.07,318.02,319.83,1404627
2024-08-15,322.28,325.21,321.94,325.13,2271669
2024-08-16,324.91,327.705,323.27,326.92,2292799
2024-08-19,327.56,330.43,327,329.44,1678267
2024-08-20,329.93,330.57,328.05,330.37,1790106
2024-08-21,330.84,333.66,330.54,333.6,1233957
2024-08-22,333.89,334.07,329.65,330.57,1679226
2024-08-23,331.66,333.76,329.67,333.27,1518702
2024-08-26,333.08,337.21,331.77,336.78,1692174
2024-08-27,335.18,340.99,335,340.38,2154150
2024-08-28,340.56,343.6,335.11,337.39,1527981
2024-08-29,340.25,343.87,338.97,340.21,1612584
2024-08-30,341,343.45,338.64,341.95,2004144
2024-09-03,341.36,345.54,339.67,341.88,2049328
2024-09-04,340,344.91,338.98,343.99,1478410
2024-09-05,344.22,344.45,339.5,340.93,1195275
2024-09-06,340.7,342.4432,336.76,339.84,1613563
2024-09-09,340.63,342.25,339.09,341.81,1569422
2024-09-10,343.81,348,342.22,347.7,1655717
2024-09-11,346.36,350.72,342.24,350.31,2121785
2024-09-12,350.48,352.42,345.2,349.89,2182279
2024-09-13,351.1,351.4299,348.7945,349.58,1812013
2024-09-16,350.84,354.98,349.63,354.12,2536398
2024-09-17,355.1,355.28,336.31,337.04,4528964
2024-09-18,335,339,332.96,336.18,2150899
2024-09-19,340,340.38,332.23,335.24,2645896
2024-09-20,332.32,336.35,331.87,336.22,5231021
2024-09-23,337.38,339.44,334.05,339.21,1998526
2024-09-24,337.94,340.62,335.28,339.62,2842859
2024-09-25,335.14,339.75,334.16,337.05,3552701
2024-09-26,355.01,363.99,349.7,355.81,4454991
2024-09-27,356.33,358.34,349.3,349.7,2575382
2024-09-30,348.65,354.06,347.72,353.48,2425021
2024-10-01,354.99,354.99,349.9,351.98,1827309
2024-10-02,352.71,357.19,351.34,356.29,2421257
2024-10-03,359.55,364.45,359.325,361.24,3646268
2024-10-04,364.2,367.79,359.8232,362.24,2131552
2024-10-07,360,362,355.85,356.8,1536791
2024-10-08,359.53,360.65,357.52,360.38,2348284
2024-10-09,360.98,366.46,360.77,365.08,2046441
2024-10-10,363.56,364.47,358.9101,361.07,2088152
2024-10-11,362.52,363.4,360.06,360.74,1436631
2024-10-14,361.58,365.62,361.1601,364.6,2255799
2024-10-15,365.43,371,365.43,368.66,2956109
2024-10-16,365.69,372.87,364.88,372.26,2110724
2024-10-17,373,375.51,371.78,375.15,1906904
2024-10-18,375.51,377.33,373.65,376.86,1893296
2024-10-21,375,377.34,374.21,376.03,1785135
2024-10-22,374.62,374.86,371.13,371.79,1740279
2024-10-23,370.84,372.48,368.225,370.63,2211832
2024-10-24,367.5,373.44,363.75,364.23,2311975
2024-10-25,364,365.445,359.5911,360.8,2129390
2024-10-28,364,366.99,360.39,361.32,2717787
2024-10-29,360.91,365.08,359.05,363.04,2643029
2024-10-30,358,358.83,345.34,346.57,3916762
2024-10-31,344.63,347.86,342.62,344.82,3078198
2024-11-01,346.94,347.9499,344.83,345.67,2579809
2024-11-04,345.26,346.6751,341.58,343.9,1931315
2024-11-05,342.79,347.4199,342.21,345.49,1554297
2024-11-06,355.9,357.23,353,356.13,3009729
2024-11-07,358,362,356.29,360.71,2250537
2024-11-08,360.77,362.76,355.12,355.53,2289531
2024-11-11,354.94,360.64,354.1,357.3,2985383
2024-11-12,357.3,362.13,356.95,360.61,3233662
2024-11-13,360.17,370.64,359.04,370.22,3353988
2024-11-14,371.22,372,361.025,362.07,3503239
2024-11-15,360.28,360.31,348.85,353.57,3624539
2024-11-18,353.995,355.4999,351.82,352.79,1760084
2024-11-19,350.68,353.97,349.99,353.95,2447247
2024-11-20,353.98,357.33,351.65,357.07,1792718
2024-11-21,358.76,363.5,358.31,361.05,2240117
2024-11-22,359.27,364.64,357.28,358.66,2211127
2024-11-25,360,364.15,358.5,361.29,3054821
2024-11-26,362.045,364.53,360.62,363.18,2106328
2024-11-27,364.38,365.67,360.88,362.16,1657040
2024-11-29,361,365,360,362.37,1311278
2024-12-02,363.36,363.36,356.96,361.38,2445661
2024-12-03,348.8,354.335,346.62,352.54,3044981
2024-12-04,353.67,362.11,353.105,360.03,2074025
2024-12-05,355.24,358.9,354.89,358.13,1821291
2024-12-06,364.86,371.88,361.55,362.7,2332307
2024-12-09,360.578,366,358.1,359.5,2185184
2024-12-10,358.82,366.35,357.08974,362.9,2157906
2024-12-11,364.95,366.59,363.43,363.84,1541560
2024-12-12,361.645,362,355.4,360.18,1834173
2024-12-13,359.3,360.7626,356.25,358.68,1808745
2024-12-16,359.545,361.02,356.45,357.06,2306717
2024-12-17,357.04,358.4799,353.02,357.3,2479098
2024-12-18,357.505,359.4,347.12,347.61,3232909
2024-12-19,365,376.91,363.1934,372.16,6075459
2024-12-20,370.7,372.07,362,366.37,7013200
2024-12-23,360.4,362.96,355.73,358.77,3549390
2024-12-24,359.99,361.95,358.54,361.63,1075396
2024-12-26,359.35,361.95,359.07,360.43,910457
2024-12-27,359.01,360.43,354,356.18,1195720
2024-12-30,353.255,354.63,349.2301,352.49,1490172
2024-12-31,353.93,355.08,350.4318,351.79,1748650
2025-01-02,352.73,354.81,346.11,348.82,2255167
2025-01-03,349.09,354.82,349.09,353.85,2029853
2025-01-06,352.75,354.49,349.65,351.33,2356428
2025-01-07,355.35,363.22,353.81,356.39,4663137
2025-01-08,360.49,363.5975,355.345,357.73,2217337
2025-01-10,355.67,358,348.74,349.79,2830056
2025-01-13,345.31,350.91,344.37,349.14,2711293
2025-01-14,351.54,352.52,345.6275,348.99,1825402
2025-01-15,352.18,355.1975,349.055,349.73,2624034
2025-01-16,348.485,353.25,347,350.56,2025844
2025-01-17,352.58,357,351.91,352.59,4064786
2025-01-21,349,356.86,348,356.42,3098800
2025-01-22,358,360.17,354.835,359.11,3155962
2025-01-23,358.7,363.32,357.6543,363.26,2111099
2025-01-24,361.23,364,360.15,362.41,1827829
2025-01-27,359.98,373.85,358.925,373.15,3855922
2025-01-28,371.075,382.015,370.75,378.39,4052934
2025-01-29,377.92,381.9,373.18,374.42,2345609
2025-01-30,377.27,385.9069,376.72,380.75,2218868
2025-01-31,380.75,387,379.64,384.95,3106584
2025-02-03,381.44,386.6581,378.54,385.21,2792940
2025-02-04,380.55,392.45,380.55,391.62,3166584
2025-02-05,391,398.35,390.418,398.25,3463369
2025-02-06,394.995,397.88,385.92,387.34,2828177
2025-02-07,388.77,390.5299,385.36,385.98,2437376
2025-02-10,388.6,390,385.19,386.89,1771588
2025-02-11,384.75,390.35,383.885,390.01,2121376
2025-02-12,386.555,391.51,386,388.83,2251324
2025-02-13,388.415,390.91,384.73,389.53,3387284
2025-02-14,390,391,387.43,388,2024720
2025-02-18,384,390.49,381.4901,387.56,3701100
2025-02-19,385.635,392.02,384.44,390.22,1438209
2025-02-20,388.5,390,384.25,384.84,2252397
2025-02-21,382.77,382.77,363.93,364.26,3751685
2025-02-24,364.41,366.93,361.06,363.91,2755807
2025-02-25,360.08,365.58,359.5,362.95,1947670
2025-02-26,362.7,363.01,356.86,358.35,2267552
2025-02-27,358.31,361.62,355.37,356.87,2735432
2025-02-28,357.16,359.135,342.41,348.5,5768387
2025-03-03,349.5,351.99,343.01,344.99,3011081
2025-03-04,342.02,349.24,342,345.78,3156307
2025-03-05,345,348.8,343.46,348.26,2578507
2025-03-06,344.87,347.1,339.8221,341.84,3467603
2025-03-07,338.0338,342.89,335.91,342.18,4459864
2025-03-10,338.005,339.9,332.525,335.3,3454769
2025-03-11,333.65,334.43,325.55,327.79,3389995
2025-03-12,330,330,322.89,324.33,3086325
2025-03-13,323.24,323.69,314.61,317.07,3667673
2025-03-14,316.18,318.9,314.2914,318.82,4086087
2025-03-17,320.825,326.73,319.6,325.71,3518232
2025-03-18,323.57,325.05,319.49,324.07,2811562
2025-03-19,324.615,326.73,321.07,324.47,4314143
2025-03-20,296.15,306.85,291.51,300.91,10699545
2025-03-21,297.4444,305.6,295.58,305.32,11735270
2025-03-24,307.88,310.46,305.18,307.18,3793173
2025-03-25,307.165,312.47,305.42,308.9,3890352
2025-03-26,309.03,312.75,309.02,311.16,3669823
2025-03-27,310.62,313,307.48,308.53,2871044
2025-03-28,308,310.07,303.8441,304.33,2377611
2025-03-31,302.445,313.105,300.4,312.04,5511930
2025-04-01,311.5,316.02,310.98,313.58,3503908
2025-04-02,309.75,318,309.75,316.33,4122954
2025-04-03,308.425,311.79,300.97,301.46,3614753
2025-04-04,297,299.05,284.6,285.06,4658969
2025-04-07,278.835,293.035,275.0096,284.72,6333638
2025-04-08,290.6,293.03,276.675,281.39,4730814
2025-04-09,280.21,300.45,278.92,299.94,6702221
2025-04-10,292.47,296.1,278.34,285.22,4578592
2025-04-11,282.97,286.3014,276.73,284.34,5019507
2025-04-14,288.065,293.26,286.635,289.79,3299370
2025-04-15,288.92,292.08,287.34,288.66,3273310
2025-04-16,288.66,292.5,283.74,285.24,3183916
2025-04-17,285.55,286.67,281.765,282.35,2321537
2025-04-21,282.03,282.34,275.975,279.23,2835510
2025-04-22,281.47,285.1,280.15,283.96,2499900
2025-04-23,294.65,296.94,286.9715,288.16,2763053
2025-04-24,285.13,291.76,284.74,291.41,3271401
2025-04-25,291.56,294.01,289.02,293.39,2919326
2025-04-28,293,296.06,289.89,293.25,1865246
2025-04-29,296,299.04,294.8,298.47,3251980
2025-04-30,295.27,299.55,291.71,299.15,2834724
2025-05-01,300.805,304.76,298.5,300.53,2848558
2025-05-02,305,306.34,303.865,305.33,1810083
2025-05-05,303.425,309.41,303.41,307.71,3548554
2025-05-06,304.05,305.95,303.2,303.8,2719419
2025-05-07,304.39,308.09,303.47,306.09,2647765
2025-05-08,308.42,313.25,308,308.88,2861634
2025-05-09,309.7,311.59,306.7003,307.9,1844518
2025-05-12,316.5,322.47,315.355,322.09,3271417
2025-05-13,321.8,325.71,321.56,322.53,2775543
2025-05-14,321.52,322.1,317.9,320.41,2417203
2025-05-15,319.755,324,319.755,323.21,3050609
2025-05-16,317,318.06,309.73,317.69,3968036
2025-05-19,315.5,320.89,315.07,319.39,2247424
2025-05-20,318.69,320.33,317.39,320.18,2930525
2025-05-21,317.72,322.8565,316.42,317.72,2788112
2025-05-22,318.13,319.19,316.04,316.45,2996617
2025-05-23,310.88,311.725,307.865,309.58,2947209
2025-05-27,313.52,315.7,312.01,315.43,3248899
2025-05-28,314.755,317.39,314.05,315.99,3437579
2025-05-29,317.25,318.423,314.78,317.73,2557880
2025-05-30,318.99,318.99,314.09,316.82,4012710
2025-06-02,313.625,314.94,311.2065,314.47,2340485
2025-06-03,313,313.99,310.6,312.9,3678342
2025-06-04,314.385,316.79,314.385,316.4,2337778
2025-06-05,317.5,317.96,313.41,315.38,3787717
2025-06-06,317.24,320.15,316.38,317.65,2309566
2025-06-09,317.65,319.23,316.04,316.62,2291288
2025-06-10,317,321.69,317,320.92,2356102
2025-06-11,321,321.77,317.84,319.22,1859102
2025-06-12,316.89,318.62,316.11,318.13,2194459
2025-06-13,314.59,317.305,311.28,311.71,3102669
2025-06-16,314.33,317.05,312.815,314.33,2930017
2025-06-17,312.71,315.95,311.85,312.03,2533752
2025-06-18,313.7,314.2,305.87,306.38,4593070
2025-06-20,281.43,288.87,273.19,285.37,11697439
2025-06-23,286,295.33,284.23,295,5454927
2025-06-24,295.8,301.6499,295.01,300.72,4940618
2025-06-25,301.25,301.65,294.35,294.6,3164580
2025-06-26,296.93,296.96,292.6,296.08,3634014
2025-06-27,295.19,296.7,292.99,295.46,4159536
2025-06-30,297.584,299.01,295.74,298.89,3136901
2025-07-01,298.54,304.19,297.925,302.62,3565707
2025-07-02,303.17,303.17,298.32,302.29,2748684
2025-07-03,302.645,305.3,302.29,304.78,1616133
2025-07-07,303.7,304.788,299.2928,300.54,2753256
2025-07-08,301.62,307.77,300.51,303.33,2890515
2025-07-09,304.19,304.19,294.79,297.4,3177760
2025-07-10,292.04,292.6,285.79,288.36,5197475
2025-07-11,287,287.74,280.43,281.06,5077108
2025-07-14,280.605,280.94,276.95,279.99,4281770
2025-07-15,281.04,281.11,275.96,276.07,3970272
2025-07-16,276.535,280.27,276.0344,279.67,3176628
2025-07-17,281,283.13,278.25,282.7,3513221
2025-07-18,283.745,283.82,280.64,282.44,4207481
2025-07-21,283.525,284.6,282.18,282.45,2955775
2025-07-22,282.77,287.07,281.8,286.96,3614707
2025-07-23,289,291,285.78,286.04,2953559
2025-07-24,280.3026,284.395,279.27,281.71,3953005
2025-07-25,282.07,284.3,280.56,283.15,2632257
2025-07-28,280.19,280.99,275.71,277.04,3693889
2025-07-29,277.45,278.96,276.54,278.9,3492714
2025-07-30,278.41,278.69,272.39,274,4272743
2025-07-31,271,273.88,266.13,267.1,4794149
2025-08-01,264.3615,265.11,254.2,255.37,6042413
2025-08-04,258.1,259.14,256.605,258.78,3470608
2025-08-05,255.75,255.8,245.74,247.07,10175886
2025-08-06,247.5,248.0875,244,247.54,8064669
2025-08-07,249.2,251.33,239.815,241.72,7246256
2025-08-08,242.51,242.92,238.03,239.2,3811193
2025-08-11,238.68,241.82,236.96,238.61,4674949
2025-08-12,238.925,242.415,236.67,237.87,4832539
2025-08-13,238.75,246.725,237.3101,245.68,5278399
2025-08-14,244.54,246.67,242.3459,246.16,4928485
2025-08-15,245.74,249.4,245.74,247.01,4223700
2025-08-18,247,250.985,245.1,249.13,3776430
2025-08-19,250.5,257.62,250.395,255.88,4555710
2025-08-20,257.07,260.39,254.99,255.05,5069889
2025-08-21,255,255,250.725,253.99,2670597
2025-08-22,255.52,262.165,254.4701,259.22,3102948
2025-08-25,259.25,259.73,255.04,256.05,2358756
2025-08-26,255.825,256.69,253.16,255.42,4884513
2025-08-27,256.25,258.29,255.44,257.12,2238979
2025-08-28,258.13,258.13,253.96,256.17,2984988
2025-08-29,256.5,260.38,256.09,259.97,2806195
2025-09-02,258.25,260.4,251.9835,256.17,3537993
2025-09-03,253,254.805,251.32,254.15,2934837
2025-09-04,253.21,254.7,247.89,252.94,4165360
2025-09-05,252.925,258.6499,250.19,254.95,4235989
2025-09-08,255.28,256,249.47,255.57,4707822
2025-09-09,255.25,255.96,249.84,251.99,3456433
2025-09-10,252.04,252.04,240.655,243.11,5117472
2025-09-11,243.23,244.56,242.35,244.15,4644524
2025-09-12,244.5,245.245,238.01,238.54,5637514
2025-09-15,240.47,242.25,235.92,237.87,5385897
2025-09-16,237.15,238.745,235.83,236.81,6464105
2025-09-17,236.99,245.2,236.99,241.24,5248152
2025-09-18,241.98,243.34,237.93,239.55,5698185
2025-09-19,239.5,240.97,234.183,239.7,11522615
2025-09-22,239.7,242.49,238.59,239.99,6070393
2025-09-23,240.51,241.1999,234.1,235.5,6777829
2025-09-24,236.67,240.065,235.75,239.08,6855371
2025-09-25,238.49,242,229.4001,232.56,10401065
2025-09-26,232.78,241.3,231.05,238.97,8163164
2025-09-29,240.5,249.13,237.25,247,7837461
2025-09-30,247.2,252.1,245.3801,246.6,8966444
2025-10-01,245.26,248.99,239.7128,243.71,6545095
2025-10-02,244.91,248.18,243.2489,244.34,4323530
2025-10-03,244.86,246.46,242.66,245.32,3383997
2025-10-06,246,248.405,242.05,248.17,3400873
2025-10-07,248.685,252.83,248.21,251.23,5930393
2025-10-08,251.71,253.67,247.645,252.98,5672008
2025-10-09,253.51,254.17,249.6105,252.04,4427619
2025-10-10,251.645,252.95,240.71,240.94,4548757
2025-10-13,242.01,243.96,239.87,243.56,3572509
2025-10-14,242.06,246.07,239.55,244.2,3788593
2025-10-15,243.715,247.31,239.06,239.71,4118068
2025-10-16,239.81,240.085,233.745,234.02,4800831
2025-10-17,234.34,239.12,233.6,238.39,4436403
2025-10-20,240.245,244.19,239.735,242.18,3495403
2025-10-21,242.675,252.09,242.52,250.51,4475512
2025-10-22,248.61,251.0458,247.17,249.14,3899985
2025-10-23,247.14,250.09,245.44,249.81,2885744
2025-10-24,250,251.09,247.11,247.65,2794125
2025-10-27,249.115,252.25,247.19,250.77,3033478
2025-10-28,249.5,254.68,249.19,253.35,3425097
2025-10-29,253.15,255.44,247.5,247.75,5780655
2025-10-30,245.81,251.88,245.4815,249.25,3982225
2025-10-31,249.5,250.88,248.06,250.1,3848001
2025-11-03,249.53,249.53,242.94,248.44,4196627
2025-11-04,246.315,248.57,241.0726,242.9,3688348
2025-11-05,243.54,248.99,242.76,247.82,3631847
2025-11-06,247.615,248.67,240.18,241.34,3512582
2025-11-07,240,246.554,239.44,245.76,4047434
2025-11-10,247.3,248.26,240.4,244.55,2818924
2025-11-11,244.89,244.89,238.53,242.56,3766805
2025-11-12,243.34,246.97,242.31,246.53,3230935
2025-11-13,245.18,248.58,244.315,247.57,3703849
2025-11-14,245.77,249.15,244.09,245.21,2845068
2025-11-17,244.02,244.98,240.59,241.33,3187926
2025-11-18,241.06,241.75,237.43,240,3375269
2025-11-19,240.435,244.38,240,241.08,2554872
2025-11-20,242.51,244.75,239.54,240.79,2905498
2025-11-21,241.285,253.97,241.285,251.85,5959436
2025-11-24,250.99,251.33,243.24,243.62,5596861
2025-11-25,245.25,251.6799,245,249.23,3664451
2025-11-26,251.01,251.94,246.89,247.85,2389202
2025-11-28,247.49,251.45,245.1301,250,1493721
2025-12-01,253.13,258.895,251.0201,257.43,5025137
2025-12-02,257.8,262.96,257,261.02,4966370
2025-12-03,261.97,274.06,261.745,272.85,6961886
2025-12-04,276.3,280.71,269.17,269.34,4119626
2025-12-05,269,271,266.07,266.59,3785500
2025-12-08,265.0056,268.63,265.0056,266.5,3218875
2025-12-09,267.5,272.4,267.25,269.53,3515049
2025-12-10,269.195,273.64,268.05,272.22,3580740
2025-12-11,272.7,277.65,269.71,270.37,4063216
2025-12-12,271.185,273.4382,270.295,271.56,2984009
2025-12-15,274.34,276.4,271.02,274.66,4042066
2025-12-16,281.13,281.13,270.83,272.04,5503311
2025-12-17,272.63,279.38,272,273.74,5586769
2025-12-18,265,272.37,261.5,269.96,6923228
2025-12-19,270.01,276.81,270,272.25,8375775
2025-12-22,271.61,272.8,267.85,270.67,3289499
2025-12-23,269.57,271.666,268.78,270.77,2598777
2025-12-24,270.01,271.92,269.7409,269.98,1062697
2025-12-26,269.98,271.75,269.5,271.09,1412215
2025-12-29,271.07,273.27,269.945,271.34,2753918
2025-12-30,270.6,272.42,269.52,270,1785092
2025-12-31,269.605,270.93,268.3,268.3,1973217
2026-01-02,268.7,269.84,258,259.95,4899872
2026-01-05,260.825,266.75,259.475,263.98,3538240
2026-01-06,262.75,275.99,262.0942,275.93,4080539
2026-01-07,276.01,281.87,271.89,273.98,4303498
2026-01-08,272.25,286.57,272.115,281.82,5268854
2026-01-09,281.96,284.4,277.3271,280.67,3135902
2026-01-12,279.375,281.39,276.6078,280.96,4086673
2026-01-13,278.525,280.5,273,276.8,3622827
2026-01-14,276.175,291.09,276.175,288.54,6421748
2026-01-15,288,290.665,285.21,287.77,5743716
2026-01-16,285.17,289.16,280.74,286.21,5702518
2026-01-20,282.06,287.265,272.22,272.71,5656105
2026-01-21,275.665,285.535,274.95,280.72,4232162
2026-01-22,283.99,289,283.39,285.09,4379362
2026-01-23,284.3625,285.94,279.68,281.07,2565374
2026-01-26,282.24,284.59,276.1401,280.71,3169645
2026-01-27,279.58,280,274.1601,275.8,2937159
2026-01-28,276,278.66,267.86,270.43,3735222
2026-01-29,269.47,271.2,257.365,261.22,8227783
2026-01-30,260.305,264.54,259.9,263.64,5458171
2026-02-02,263.54,269.15,262.1501,266.79,3427461
2026-02-03,249.44,251.55,238.14,241.21,9119223
2026-02-04,237.84,245.07,231.85,241.65,7633977
2026-02-05,240.06,244.73,232.73,233.58,6108326
2026-02-06,232.77,241.09,232,240.62,5026376
2026-02-09,236,239,231.86,236.76,4770473
2026-02-10,237.47,243.6,235,240.86,5673321
2026-02-11,241.9,242.31,228.83,230.43,6076159
2026-02-12,230.25,230.25,215.16,222.05,9719925
2026-02-13,223.205,227.31,220.915,224.23,7644827
2026-02-17,225.615,229.11,217.33,219.89,7431746
2026-02-18,218.01,224.26,217.1625,223.61,4968771
2026-02-19,215.02,216.28,211.06,214.95,8040727
2026-02-20,213.54,218.47,211.935,215.35,5932481
2026-02-23,212.12,214.02,199.1,201.18,10007300
2026-02-24,200.54,204.3,196.09,196.73,11119615
2026-02-25,196.36,196.82,188.73,191.5,14156516
2026-02-26,194,207.49,193.99,207.38,10830703
2026-02-27,204.17,208.86,199.26,208.72,7929345
2026-03-02,206.075,209.15,204.32,205.93,7263302
2026-03-03,203.01,213.245,203,209.89,5818916
2026-03-04,210.1,215.54,208.61,210,5549179
2026-03-05,210,216.655,209.3001,214,7441049
2026-03-06,214.95,218.595,212,215,6495267
2026-03-09,212.84,215.65,205.8313,209.36,7849318
2026-03-10,208.605,208.605,199.735,201.63,5163043
2026-03-11,203.44,206.68,197.6601,201.48,5133317
2026-03-12,201,205,195.48,196.05,7049552
2026-03-13,197.254,200.41,195.0747,196.65,4223284
2026-03-16,197.49,200.47,195.64,199.31,7832748
2026-03-17,200.5,204.94,198.07,198.66,5729468
2026-03-18,198.75,199.8,194.26,195.15,8070091
2026-03-19,187,207.98,187,203.55,10613706
2026-03-20,203.5,207.4199,198.49,199.99,44335899
